"序號","事業單位名稱","違反條文","罰鍰文號","罰鍰日期"
1,"台灣中油股份有限公司","第24條","高市勞條字第10436995600號","104/09/24"
,,"第39條",,
2,"亞太國際物流股份有限公司","第32條第2項","高市勞條字第10436598500號","104/09/24"
,,"第36條",,
3,"中南汽車客運股份有限公司","第32條第2項","高市勞條字第10437017700號","104/09/10"
4,"富潤應用材料實業有限公司","第23條第2項","高市勞條字第10437331400號","104/09/18"
,,"第30條第5項",,
5,"高雄汽車客運股限公司","第32條第2項","高市勞條字第10435842000號","104/08/13"
6,"宏華保全股份有限公司","第24條","高市勞條字第10437999300號","104/11/06"
,,"第30條第5項",,
,,"第39條",,
"7","豐齊有限公司","第24條","高市勞條字第10437331600號","104/10/06"
,,"第30條第5項",,
8,"柯延鴻即茶鼎苑陽明店","第22條第2項","高市勞條字第10437388000號","104/10/15"
,,"第36條",,
9,"金美園環保有限公司","第9條第1項","高市勞條字第10437629300號","104/10/15"
,,"第30條第5項",,
10,"高惠倪即倪娃娃創藝店","第22條","高市勞條字第10438070200號","104/10/21"
,,"第30條第5項",,
11,"曾振德即昇昱工程行","第22條第2項","高市勞條字第10438486600號","104/10/28"
,,"第30條第5項",,
12,"百年好合企業有限公司","第39條","高市勞條字第10437679400號","104/10/12"
13,"富佶企業有限公司","第24條","高市勞條字第10437679200號","104/10/13"
14,"復興護理之家","第24條","高市勞條字第10437571500號","104/10/15"
15,"五克拉實業股份有限公司","第36條","高市勞條字第10437994300號","104/10/23"
16,"豐軒科技股份有限公司","第23條第1項","高市勞條字第10437920600號","104/11/02"
17,"良安行有限公司","第38條","高市勞條字第10438077301號","104/11/10"
18,"鍾士敏即笛法美學沙龍","第30條第5項","高市勞條字第10439132800號","104/11/19"
19,"紅布朗國際有限公司","第24條","高市勞條字第10436842600號","104/10/08"
,,"第30條第5項",,
20,"國巨股份有限公司","第32條第2項","高市勞條字第10436597300號","104/09/03"
21,"太洋尼龍股份有限公司","第32條第3項","高市勞條字第10435961500號","104/08/25"
,,"第36條",,
23,"高雄佳醫護理之家","第32條第2項","高市勞條字第10439092400號","104/12/07"
24,"凡迪美容有限公司","第30條第5項","高市勞條字第10438806200號","104/12/07"
25,"田邦廷即邦廷魯味","第36條","高市勞條字第10438691200號","104/12/07"
,,"第38條",,
26,"銨倢企業有限公司","第24條","高市勞條字第10438613200號","104/12/07"
,,"第30條第5項",,
,,"第39條",,
27,"聯橋健康事業股份有限公司","第32條第2項","高市勞條字第10439415800號","104/12/07"
,,"第39條",,
28,"日安環保工程股份有限公司","第30條第5項","高市勞條字第10439583100號","104/12/07"
,,"第36條",,
29,"義守大學","第32條第2項","高市勞條字第10438885400號","104/12/08"
30,"蔡志君即蔡志君中醫診所","第30條第5項","高市勞條字第10438760900號","104/12/08"
31,"千翔保全股份有限公司","第24條","高市勞條字第10439461500號","104/12/08"
32,"均辰祥企業有限公司","第38條","高市勞條字第10439603800號","104/12/08"
,,"第39條",,
33,"大豐旅行社有限公司","第24條","高市勞條字第10439069200號","104/12/10"
34,"元椿實業有限公司","第22條第2項","高市勞條字第10439094800號","104/12/11"
35,"新東福實業有限公司","第23條第2項","高市勞條字第10439264200號","104/12/14"
,,"第30條第5項",,
36,"進盛實業有限公司","第30條第5項","高市勞條字第10439082100號","104/12/14"
37,"優生婦產科醫院","第34條","高市勞條字第10439450300號","104/12/14"
38,"林福壽即正川資訊社","第30條第5項","高市勞條字第10439446500號","104/12/14"
39,"薩摩亞商皇庭珠寶有限公司高雄分公司","第24條","高市勞條字第10439102200號","104/12/14"
,,"第36條",,
,,"第39條",,
40,"纖薇美容坊有限公司","第24條","高市勞條字第10438612600號","104/12/15"
,,"第39條",,
41,"吉田耳鼻喉科診所","第24條","高市勞條字第10439607700號","104/12/15"
,,"第36條",,
42,"楊川即楊記麻辣臭臭鍋","第23條第2項","高市勞條字第10439771000號","104/12/15"
,,"第30條第5項",,
43,"先怡企業有限公司","第21條第1項","高市勞條字第10439751100號","104/12/15"
44,"寵物王國有限公司","第32條第2項","高市勞條字第10439457400號","104/12/16"
45,"洪郁盛即鼎優企業社","第80條","高市勞條字第10439756400號","104/12/17"
46,"龍畿企業股份有限公司","第32條第2項","高市勞條字第10439125800號","104/12/17"
47,"高明怡即高鮮現打果汁","第21條第1項","高市勞條字第10439411100號","104/12/17"
,,"第36條",,
48,"大洋保全股份有限公司","第30條第5項","高市勞條字第10439291100號","104/12/18"
49,"吳世昌即茶鮮坊","第24條","高市勞條字第10439103800號","104/12/18"
,,"第36條",,
,,"第39條",,
50,"京旺創意有限公司","第30條第5項","高市勞條字第10439028000號","104/12/18"
51,"江記有限公司","第30條第5項","高市勞條字第10439049900號","104/12/18"
52,"台灣富士全錄股份有限公司","第24條","高市勞條字第10439961200號","104/12/21"
53,"高雄市私立鳴志升學文理短期補習班","第24條","高市勞條字第10439913500號","104/12/21"
,,"第36條",,
54,"鉅明股份有限公司","第24條","高市勞條字第10439960900號","104/12/21"
55,"英倫國際實業股份有限公司","第22條第2項","高市勞條字第10439668100號","104/12/21"
56,"秀傳護理之家","第24條","高市勞條字第10439192900號","104/12/21"
57,"高億人力資源管理有限公司","第22條第2項","高市勞條字第10439195300號","104/12/22"
58,"得其股份有限公司","第30條第5項","高市勞條字第10439160600號","104/12/22"
59,"財團法人私立高雄醫學大學","第30條第5項","高市勞條字第10439630400號","104/12/22"
60,"富邦人壽保險股份有限公司","第32條第2項","高市勞條字第10439720400號","104/12/23"
61,"不二家","第32條第2項","高市勞條字第10440044000號","104/12/23"
,,"第36條",,
62,"高雄市私立北一升學文理工商管理短期習班遠見分班","第21條第1項","高市勞條字第10439263700號","104/12/23"
63,"台灣三美股份有限公司","第9條","高市勞條字第10440227900號","104/12/23"
,,"第38條",,
64,"聖遠企業有限公司","第21條第1項","高市勞條字第10440228400號","104/12/24"
65,"高雄氣體股份有限公司","第21條第1項","高市勞條字第10439368600號","104/12/24"
66,"宏典旅行社有限公司","第30條第5項","高市勞條字第10439530100號","104/12/24"
67,"允福營造有限公司","第38條","高市勞條字第10439327800號","104/12/24"
68,"先鋒保全股份有限公司","第30條第5項","高市勞條字第10439537100號","104/12/24"
69,"汪賜海","第30條第5項","高市勞條字第10439537200號","104/12/24"
70,"一零三金文具有限公司","第36條","高市勞條字第10439536500號","104/12/24"
71,"旗鴻通運有限公司","第32條第2項","高市勞條字第10440210500號","104/12/25"
72,"羅條原即原園日式涮涮鍋","第36條","高市勞條字第10439366200號","104/12/25"
,,"第39條",,
73,"貝爾手工餅乾專賣店","第22條第2項","高市勞條字第10439367800號","104/12/25"
74,"精上企業有限公司","第30條第5項","高市勞條字第10439925800號","104/12/25"
,,"第38條",,
,,"第39條",,
75,"川湖科技股份有限公司","第24條","高市勞條字第10439873900號","104/12/25"
76,"全國加油站股份有限公司","第24條","高市勞條字第10439461400號","104/12/25"
77,"澄園護理之家","第30條第5項","高市勞條字第10439647800號","104/12/25"
,,"第39條",,
78,"臺灣航勤股份有限公司","第32條第2項","高市勞條字第10439302800號","104/12/25"
79,"莊惠程即太妃堂藏御茶坊","第23條第2項","高市勞條字第10440223300號","104/12/25"
,,"第30條第5項",,
,,"第36條",,
80,"博正護理之家","第24條","高市勞條字第10439619700號","104/12/25"
,,"第32條第2項",,
81,"李亭蓁","第27條","高市勞條字第10440232400號","104/12/29"
82,"高雄市政府社會局兒童福利中心委託大仁科技大學承辦高雄市三民兒福公共托嬰中心","第23條第1項","高市勞條字第10439375100號","104/12/31"
83,"合順通運有限公司","第22條第2項","高市勞條字第10439532200號","105/01/04"
,,"第30條第5項",,
84,"社團法人中華民國唐氏症關愛者協會","第32條第2項","高市勞條字第10440115300號","105/01/05"
85,"高雄江山管理委員會","第24條","高市勞條字第10440389700號","105/01/04"
,,"第30條第5項",,
,,"第32條第2項",,
86,"中紡科技實業股份有限公司","第36條","高市勞條字第10440390000號","105/01/04"
87,"崇恩護理之家","第24條","高市勞條字第10439717500號","104/01/05"
88,"皇盟工程企業有限公司","第22條第2項","高市勞條字第10439977700號","105/01/04"
,,"第30條第5項",,
89,"沅勝國際有限公司","第32條第2項","高市勞條字第10439888100號","105/01/04"
,,"第38條",,
90,"蔡忠憲即昱名五金行","第24條","高市勞條字第10439754600號","105/01/05"
91,"蘇鳳琴即冰心茶王冷飲店","第22條第2項","高市勞條字第10439977800號","105/01/06"
92,"業永實業有限公司","第30條第5項","高市勞條字第10440044700號","105/01/05"
93,"富康旅行社股份有限公司","第22條第2項","高市勞條字第10440097700號","105/01/05"
94,"李珮瑜即李氏商行","第22條第2項","高市勞條字第10439619100號","105/01/06"
,,"第24條",,
,,"第32條第2項",,
95,"大新保全股份有限公司","第21條第1項","高市勞條字第10439873000號","105/01/06"
,,"第30條第5項",,
,,"第39條",,
96,"京城保全股份有限公司","第24條","高市勞條字第10440475000號","105/01/06"
,,"第30條第5項",,
,,"第32條第2項",,
97,"鄭漢立即郭董臭臭鍋","第23條第2項","高市勞條字第10439495500號","105/01/06"
,,"第30條第5項",,
98,"台力橡膠股份有限公司","第22條第2項","高市勞條字第10439931700號","105/01/07"
,,"第24條",,
99,"萬寶華企業管理顧問股份有限公司","第24條","高市勞條字第10440122300號","105/01/08"
100,"台灣雷克有限公司","第30條第5項","高市勞條字第10440122100號","105/01/08"
101,"新鎮生鮮大賣場有限公司","第30條第5項","高市勞條字第10439926100號","105/01/08"
,,"第36條",,
,,"第39條",,
102,"建平通運有限公司","第30條第5項","高市勞條字第10530050200號","105/01/08"
,,"第36條",,
103,"穗羽企業有限公司","第22條第2項","高市勞條字第10440461300號","105/01/08"
104,"吳品繐即慈心企業社","第32條第2項","高市勞條字第10439872500號","105/01/08"
,,"第36條",,
,,"第30條第5項","高市勞條字第1043987250A號","105/01/08"
105,"順豐行銷有限公司","第23條第2項","高市勞條字第10440459700號","105/01/08"
,,"第30條第5項",,
106,"寒軒國際大飯店股份有限公司","第39條","高市勞條字第10530105700號","105/01/08"
107,"富達運輸股份有限公司","第22條第2項","高市勞條字第10439786300號","105/01/08"
,,"第32條第2項",,
108,"劉慧美即高雄市私立弘學文理短期補習班","第36條","高市勞條字第10530176200號","105/01/08"
109,"侑特科技股份有限公司","第22條第2項","高市勞條字第10530044400號","105/01/11"
,,"第32條第2項",,
,,"第36條",,
110,"陳瑞光即大慶診所","第30條第5項","高市勞條字第10530028000號","105/01/11"
,,"第36條",,
111,"蔡忠南即璟田設計坊","第23條第2項","高市勞條字第10530182000號","105/01/12"
,,"第30條第5項",,
112,"阡悅企業有限公司","第22條第2項","高市勞條字第10439807000號","105/01/12"
113,"高雄商旅飯店股份有限公司","第39條","高市勞條字第10530309000號","105/01/13"
114,"統一速達股份有限公司","第32條第2項","高市勞條字第10439925900號","105/01/12"
115,"煒智企業有限公司","第24條","高市勞條字第10439926700號","105/01/12"
,,"第30條第5項",,
,,"第38條",,
116,"詠伸國際企業有限公司","第32條第2項","高市勞條字第10530302600號","105/01/12"
,,"第36條",,
117,"瑪琪朵朵有限公司","第24條","高市勞條字第10440140800號","105/01/13"
118,"寬興科技股份有限公司","第23條第1項","高市勞條字第10530301200號","105/01/14"
119,"永盛綜合企業有限公司","第39條","高市勞條字第10530301900號","105/01/14"
120,"許棋楠即真手藝壽司","第21條第1項","高市勞條字第10530320100號","105/01/14"
121,"百康通運有限公司","第36條","高市勞條字第10530302200號","105/01/14"
122,"國雲保全股份有限公司","第22條第2項","高市勞條字第10440284200號","105/01/14"
123,"金永隆實業股份有限公司","第22條第2項","高市勞條字第10530076300號","105/01/14"
124,"巨將保全股份有限公司","第30條第5項","高市勞條字第10439888500號","105/01/14"
125,"麗鴻科技股份有限公司","第24條","高市勞條字第10439887800號","105/01/15"
,,"第38條",,
126,"裕達冷凍食品有限公司","第24條","高市勞條字第10440345100號","105/01/15"
127,"洪慈怡","第21條第1項","高市勞條字第10530320200號","105/01/15"
128,"許貴皇","第80條","高市勞條字第10530253200號","105/01/15"
129,"富滄海洋股份有限公司","第22條第2項","高市勞條字第10440077800號","105/01/15"
,,"第30條第5項",,
130,"明達通運有限公司","第36條","高市勞條字第10440343400號","105/01/18"
131,"葉耀鴻即御川屋","第30條第5項","高市勞條字第10530028400號","105/01/19"
,,"第36條","高市勞條字第1053002840A號","105/01/19"
132,"天然成生物科技有限公司","第30條第5項","高市勞條字第10530076700號","105/01/18"
133,"亞米家保全有限公司","第24條","高市勞條字第10530028200號","105/01/18"
,,"第32條第2項",,
,,"第36條",,
134,"良安行有限公司","第34條第2項","高市勞條字第10530028600號","105/01/18"
135,"皇緯實業股份有限公司","第24條","高市勞條字第10530396800號","105/01/18"
,,"第39條",,
136,"金祥益工程有限公司","第32條第2項","高市勞條字第10530276200號","105/01/18"
,,"第36條",,
137,"台灣弼奧股份有限公司","第32條第2項","高市勞條字第10440378500號","105/01/19"
138,"長春醫院","第22條第2項","高市勞條字第10440345200號","105/01/19"
139,"一亨運動用品股份有限公司","第49條第1項","高市勞條字第10530343400號","105/01/19"
140,"聯合保全股份有限公司","第22條第2項","高市勞條字第10530266400號","105/01/20"
,,"第30條第5項","高市勞條字第1053026640A號","105/01/20"
141,"富蘭克林證券投資顧問股份有限公司","第24條","高市勞條字第10530214100號","105/01/20"
,,"第30條第5項","高市勞條字第1053021410A號","105/01/20"
142,"一甲營造有限公司","第22條第2項","高市勞條字第10530401700號","105/01/20"
143,"陳文洲即阿線企業行","第80條","高市勞條字第10440462000號","105/01/20"
144,"陳劍春即黃金曼商行","第21條第1項","高市勞條字第10440378200號","105/01/20"
,,"第24條",,
145,"荷蘭商仕寶保險公證股份有限公司台灣分公司","第30條第5項","高市勞條字第10439956000號","105/01/20"
146,"台灣苯乙烯工業股份有限公司","第24條","高市勞條字第10530130700號","105/01/20"
,,"第32條第2項",,
,,"第36條",,
,,"第39條",,
1,"中華郵政股份有限公司","勞動基準法第30條第5項","高市勞條字第10436598800號","104/09/15"
2,"龍典工業股份有限公司","勞動基準法第24條","高市勞條字第10438153200號","104/11/11"
,,"勞動基準法第36條",,
3,"真善美養護家園","勞動基準法第24條","高市勞條字第10437831600號","104/10/26"
4,"路得不動產有限公司","勞動基準法第24條","高市勞條字第10438312000號","104/11/16"
5,"剛健鋼鐵工業股份有限公司","勞動基準法第22條第2項","高市勞條字第10438393600號","104/11/24"
6,"劉智美即韓福香小吃店","勞動基準法第30條第5項","高市勞條字第10438844700號","104/12/01"
7,"良安行有限公司","勞動基準法第22條第2項","高市勞條字第10438077300號","104/11/10"
8,"昶澄企業有限公司","勞動基準法第24條","高市勞條字第10438825800號","104/12/10"
,,"勞動基準法第32條第2項",,
9,"台灣中油股份有限公司","勞動基準法第55條","高市勞條字第10439160400號","104/12/16"
10,"禾億五金有限公司","勞動基準法第32條第2項","高市勞條字第10439103900號","104/12/17"
11,"黃鴻隆","勞動基準法第21條第1項","高市勞條字第10439101900號","104/12/18"
,,"勞動基準法第22條第2項",,
12,"好爸爸居家消毒除蟲有限公司","勞動基準法第30條第5項","高市勞條字第10439369100號","104/12/18"
13,"社團法人高雄市路竹社會福利協會","勞動基準法第30條第5項","高市勞條字第10438895600號","104/12/18"
14,"炭火燒肉有限公司","勞動基準法第39條","高市勞條字第1043930250A號","104/12/23"
,,"勞動基準法第43條",,
15,"台灣中油股份有限公司","勞動基準法第24條","高市勞條字第10439161000號","104/12/24"
,,"勞動基準法第39條",,
16,"李珮珍即酒窩食堂","勞動基準法第21條第1項","高市勞條字第10439975900號","105/01/04"
,,"勞動基準法第22條第2項",,
,,"勞動基準法第30條第5項",,
17,"鄭元璋即勁勇企業社","勞動基準法第30條第5項","高市勞條字第10530051200號","105/01/05"
18,"陳劍春即黃金曼商行","勞動基準法第21條第1項","高市勞條字第10440378200號","105/01/20"
,,"勞動基準法第24條",,
19,"三英鋼鐵股份有限公司","勞動基準法第39條","高市勞條字第10530451800號","105/01/21"
20,"信齊保全股份有限公司","勞動基準法第30條第5項","高市勞條字第10530276000號","105/01/22"
21,"李珮羢即旭盛食品行","勞動基準法第22條第2項","高市勞條字第10530413800號","105/01/25"
22,"正泰精密工業有限公司","勞動基準法第24條","高市勞條字第10530207300號","105/01/25"
,,"勞動基準法第32條第2項",,
23,"玖盛保全股份有限公司","勞動基準法第24條","高市勞條字第10530620100號","105/01/25"
,,"勞動基準法第32條第2項",,
,,"勞動基準法第36條",,
24,"鄧記餐飲有限公司","勞動基準法第32條第2項","高市勞條字第10440378100號","105/01/25"
25,"常友股份有限公司","勞動基準法第30條第5項","高市勞條字第10530206900號","105/01/25"
26,"漢衛公寓大廈管理維護股份有限公司","勞動基準法第24條","高市勞條字第10530206400號","105/01/25"
,,"勞動基準法第32條第2項",,
,,"勞動基準法第35條",,
,,"勞動基準法第38條",,
,,"勞動基準法第39條",,
27,"漢衛公寓大廈管理維護股份有限公司","勞動基準法第30條第5項","高市勞條字第1053020640A號","105/01/25"
28,"南隆塑膠廠股份有限公司","勞動基準法第32條第2項","高市勞條字第10530484800號","105/01/27"
,,"勞動基準法第36條",,
29,"英屬百慕達商友邦人壽保險股份有限公司台灣分公司","勞動基準法第24條","高市勞條字第10440290400號","105/01/28"
30,"一零三金文具有限公司","勞動基準法第30條第5項","高市勞條字第10530578300號","105/01/28"
,,"勞動基準法第39條",,
31,"高珍企業股份有限公司","勞動基準法第24條","高市勞條字第10530346600號","105/01/29"
,,"勞動基準法第32條第2項",,
32,"鄭弘毅即伊利斯商行","勞動基準法第22條第2項","高市勞條字第10530530000號","105/01/29"
33,"嘉寶餐飲有限公司","勞動基準法第21條第1項","高市勞條字第10530343900號","105/01/29"
,,"勞動基準法第24條",,
,,"勞動基準法第36條",,
34,"鈺惠有限公司","勞動基準法第21條第1項","高市勞條字第10530591500號","105/01/30"
35,"鈺惠有限公司","勞動基準法第30條第5項","高市勞條字第1053059150A號","105/01/30"
36,"高雄市私立福慧兒童課後照顧服務中心","勞動基準法第22條第2項","高市勞條字第10530516100號","105/01/30"
37,"劉登荃","勞動基準法第24條","高市勞條字第10530652100號","105/02/01"
,,"勞動基準法第32條第2項",,
38,"順茂工業有限公司","勞動基準法第22條第2項","高市勞條字第10530590200號","105/02/02"
,,"勞動基準法第24條",,
,,"勞動基準法第39條",,
39,"賀昱企業有限公司","勞動基準法第24條","高市勞條字第10530017800號","105/02/03"
,,"勞動基準法第32條第2項",,
40,"燁興企業股份有限公司","勞動基準法第32條第2項","高市勞條字第10530076600號","105/02/03"
41,"展澄企業有限公司","勞動基準法第32條第2項","高市勞條字第10530126800號","105/02/04"
,,"勞動基準法第36條",,
42,"蟻群食品行","勞動基準法第24條","高市勞條字第10530845200號","105/02/04"
,,"勞動基準法第32條第2項",,
43,"花旗(台灣)商業銀行股份有限公司","勞動基準法第24條","高市勞條字第10530740100號","105/02/04"
44,"日商鹿島營造股份有限公司台灣分公司","勞動基準法第32條第2項","高市勞條字第10530036200號","105/02/04"
45,"技泓企業有限公司","勞動基準法第22條第2項","高市勞條字第10530711900號","105/02/04"
46,"陸潔有限公司","勞動基準法第22條第2項","高市勞條字第10530355400號","105/02/04"
47,"郭祥榮","勞動基準法第59條","高市勞條字第10530590300號","105/02/04"
48,"權通有限公司","勞動基準法第27條","高市勞條字第10530893000號","105/02/05"
49,"貓尾巴有限公司","勞動基準法第24條","高市勞條字第10530714400號","105/02/04"
,,"勞動基準法第32條第2項",,
50,"陽光禮儀股份有限公司","勞動基準法第24條","高市勞條字第10530710500號","105/02/17"
,,"勞動基準法第30條第5項",,
51,"春迪企業股份有限公司","勞動基準法第22條第2項","高市勞條字第10530911200號","105/02/05"
52,"聯揚國際開發有限公司","勞動基準法第30條第5項","高市勞條字第10530561600號","105/02/05"
53,"許逸群即老大粥","勞動基準法第39條","高市勞條字第10530714300號","105/02/05"
54,"林仲明即童欣創意企業社","勞動基準法第24條","高市勞條字第10530914900號","105/02/05"
,,"勞動基準法第36條",,
55,"華王大飯店股份有限公司","勞動基準法第24條","高市勞條字第10530207000號","105/02/05"
,,"勞動基準法第36條",,
56,"高雄市私立康澤幼兒園","勞動基準法第24條","高市勞條字第10530225100號","105/02/05"
57,"全聯實業股份有限公司","勞動基準法第32條第2項","高市勞條字第10530308500號","105/02/15"
58,"愛宴食坊有限公司","勞動基準法第36條","高市勞條字第10530964600號","105/02/15"
59,"龍衛保全股份有限公司","勞動基準法第21條第1項","高市勞條字第10530516600號","105/02/15"
,,"勞動基準法第22條第2項",,
,,"勞動基準法第24條",,
60,"高雄市私立蒲公英美語短期補習班","勞動基準法第30條第5項","高市勞條字第10530420200號","105/02/16"
61,"南誠實業股份有限公司","勞動基準法第30條第5項","高市勞條字第10531042900號","105/02/17"
62,"鑫新國際有限公司","勞動基準法第39條","高市勞條字第10530911300號","105/02/17"
63,"台灣善美的股份有限公司","勞動基準法第24條","高市勞條字第10530484900號","105/02/17"
64,"黑鮪魚大飯店股份有限公司","勞動基準法第24條","高市勞條字第10530973400號","105/02/18"
,,"勞動基準法第34條",,
65,"吉曜工程企業有限公司","勞動基準法第21條第1項","高市勞條字第10530981400號","105/02/18"
,,"勞動基準法第24條",,
66,"全來工程有限公司","勞動基準法第24條","高市勞條字第10530644200號","105/02/18"
,,"勞動基準法第36條",,
,,"勞動基準法第39條",,
67,"全聯實業股份有限公司","勞動基準法第23條第1項","高市勞條字第10530794600號","105/02/18"
68,"邵志盛即柏衍工程行","勞動基準法第80條","高市勞條字第10531128100號","105/02/19"
69,"宋韋霆即炸去啃炸雞商行","勞動基準法第22條第2項","高市勞條字第1053056900號","105/02/19"
70,"大同奧的斯電梯股份有限公司","勞動基準法第36條","高市勞條字第10530583100號","105/02/19"
71,"新偉國際管理顧問股份有限公司","勞動基準法第24條","高市勞條字第10530592300號","105/02/22"
72,"統聯汽車客運有限公司","勞動基準法第32條第2項","高市勞條字第10530690900號","105/02/22"
73,"許文德即田園小吃部","勞動基準法第80條","高市勞條字第10530896300號","105/02/22"
74,"陳儷壬即上品月子外送餐坊","勞動基準法第23條第2項","高市勞條字第10530743700號","105/02/22"
,,"勞動基準法第30條第5項",,
,,"勞動基準法第36條",,
75,"中將電子實業有限公司","勞動基準法第24條","高市勞條字第10530977800號","105/02/22"
,,"勞動基準法第38條",,
,,"勞動基準法第39條",,
76,"友宏有限公司","勞動基準法第30條第5項","高市勞條字第10530962800號","105/02/22"
77,"康漢生技股份有限公司","勞動基準法第22條","高市勞條字第10531205300號","105/02/23"
,,"勞動基準法第24條",,
78,"王品餐飲股份有限公司","勞動基準法第24條","高市勞條字第10531195100號","105/02/24"
79,"王俊傑即立嵐紅綠茶專賣店","勞動基準法第21條第1項","高市勞條字第10530912900號","105/02/23"
,,"勞動基準法第24條",,
80,"財團法人伊甸社會福利基金會","勞動基準法第39條","高市勞條字第10531006900號","105/02/23"
81,"陪你有限公司","勞動基準法第22條第2項","高市勞條字第10531124600號","105/02/24"
,,"勞動基準法第23條第2項",,
,,"勞動基準法第30條第5項",,
82,"嘉楠通信器材有限公司","勞動基準法第24條","高市勞條字第10531256200號","105/02/25"
83,"弘耘設計工程有限公司","勞動基準法第27條","高市勞條字第10531272700號","105/02/25"
84,"七賢脊椎外科醫院","勞動基準法第22條第2項","高市勞條字第10530997600號","105/02/26"
85,"強固保全股份有限公司","勞動基準法第22條第2項","高市勞條字第10530847400號","105/03/01"
,,"勞動基準法第38條",,
86,"高雄餅食品有限公司","勞動基準法第36條","高市勞條字第10531395200號","105/03/02"
87,"萬安生命科技股份有限公司","勞動基準法第30條第5項","高市勞條字第10530887200號","105/03/02"
,,"勞動基準法第32條第2項",,
,,"勞動基準法第36條",,
88,"慈惠診所","勞動基準法第39條","高市勞條字第10531189400號","105/03/02"
89,"一晟建材有限公司","勞動基準法第30條第5項","高市勞條字第10531477100號","105/03/03"
90,"華陀扶元堂生藥科技股份有限公司","勞動基準法第24條","高市勞條字第10531293200號","105/03/03"
,,"勞動基準法第32條第2項",,
,,"勞動基準法第39條",,
91,"新富發有限公司","勞動基準法第24條","高市勞條字第10531355100號","105/03/03"
,,"勞動基準法第32條第2項",,
,,"勞動基準法第36條",,
,,"勞動基準法第39條",,
92,"大同綜合訊電股份有限公司","勞動基準法第24條","高市勞條字第10530886900號","105/03/03"
,,"勞動基準法第32條第2項",,
93,"高雄市私立富華養護中心","勞動基準法第24條","高市勞條字第10530933700號","105/03/04"
,,"勞動基準法第32條第2項",,
94,"巨將保全股份有限公司","勞動基準法第30條第5項","高市勞條字第10531489400號","105/03/04"
95,"齊洋企業有限公司","勞動基準法第32條第2項","高市勞條字第10531006800號","105/03/04"
96,"波特嫚國際生物科技股份有限公司","勞動基準法第32條第2項","高市勞條字第10531147400號","105/03/04"
97,"七海電業股份有限公司","勞動基準法第24條","高市勞條字第10531472900號","105/03/04"
,,"勞動基準法第32條第2項",,
98,"益又康國際行銷股份有限公司","勞動基準法第24條","高市勞條字第10531399400號","105/03/07"
99,"楊淑錦即幸福空間傢飾店","勞動基準法第30條第5項","高市勞條字第10531377200號","105/03/08"
100,"謝萬樂即小港泰越商店","勞動基準法第39條","高市勞條字第10531376900號","105/03/08"
101,"謝萬樂即站前泰越印商店","勞動基準法第30條第5項","高市勞條字第10531377000號","105/03/08"
102,"謝萬樂即大寮泰越印商店","勞動基準法第39條","高市勞條字第10531377100號","105/03/08"
103,"信祥股份有限公司","勞動基準法第30條第5項","高市勞條字第10531371500號","105/03/08"
104,"蕭政維即品御茶飲專賣店","勞動基準法第21條第1項","高市勞條字第10531625000號","105/03/09"
,,"勞動基準法第22條第2項",,
,,"勞動基準法第39條",,
105,"臺灣人壽保險股份有限公司","勞動基準法第24條","高市勞條字第10531147500號","105/03/10"
106,"聲秦企業有限公司","勞動基準法第22條第2項","高市勞條字第10531519900號","105/03/10"
,,"勞動基準法第24條",,
107,"輝創電子股份有限公司","勞動基準法第32條第2項","高市勞條字第10531399700號","105/03/10"
108,"劦清企業有限公司","勞動基準法第32條第2項","高市勞條字第10531519700號","105/03/10"
109,"丞邦貨運有限公司","勞動基準法第30條第5項","高市勞條字第10531718000號","105/03/11"
,,"勞動基準法第39條",,
110,"威爾斯美語股份有限公司","勞動基準法第23條第1項","高市勞條字第10531348300號","105/03/11"
,,"勞動基準法第24條",,
,,"勞動基準法第39條",,
111,"台灣牛角電影有限公司","勞動基準法第23條第2項","高市勞條字第10531160600號","105/03/14"
112,"台灣牛角電影有限公司","勞動基準法第30條第5項","高市勞條字第1053116060A號","105/03/14"
113,"台灣高速鐵路股份有限公司","勞動基準法第24條","高市勞條字第10531007500號","105/03/15"
114,"黃麗琴即you tea樂活茶飲","勞動基準法第23條第2項","高市勞條字第10531727900號","105/03/15"
,,"勞動基準法第30條第5項",,
115,"華佑物業管理顧問有限公司","勞動基準法第24條","高市勞條字第10531795800號","105/03/15"
,,"勞動基準法第32條第2項",,
,,"勞動基準法第39條",,
116,"許麗美即亞舍紅茶冰瑞隆店","勞動基準法第36條","高市勞條字第10531734600號","105/03/15"
117,"地平線國際蔬果有限公司","勞動基準法第80條","高市勞條字第10531652500號","105/03/16"
118,"飛天機有限公司","勞動基準法第22條第2項","高市勞條字第10531112300號","105/03/16"
119,"高雄漢王洲際飯店有限公司","勞動基準法第22條第2項","高市勞條字第10531086500號","105/03/16"
120,"佳銓工程有限公司","勞動基準法第30條第5項","高市勞條字第10531519600號","105/03/16"
121,"品宏通訊有限公司","勞動基準法第30條第5項","高市勞條字第1053120490A號","105/03/18"
122,"陳劍春即耶加雪夫商行","勞動基準法第21條第1項","高市勞條字第10531923800號","105/03/18"
,,"勞動基準法第24條",,
123,"品宏通訊有限公司","勞動基準法第24條","高市勞條字第10531204900號","105/03/18"
,,"勞動基準法第39條",,
124,"雙漁股份有限公司","勞動基準法第36條","高市勞條字第10531147300號","105/03/18"
125,"京鴻物業管理顧問股份有限公司","勞動基準法第21條第1項","高市勞條字第10531921800號","105/03/18"
,,"勞動基準法第24條",,
,,"勞動基準法第32條第2項",,
,,"勞動基準法第34條",,
,,"勞動基準法第36條",,
126,"祐春企業股份有限公司","勞動基準法第24條","高市勞條字第10531153400號","105/03/18"
,,"勞動基準法第39條",,
,,"勞動基準法第43條",,
127,"永鼎有限公司","勞動基準法第22條第2項","高市勞條字第10531231500號","105/03/18"
,,"勞動基準法第24條",,
,,"勞動基準法第32條第2項",,
128,"高雄汽車客運股份有限公司","勞動基準法第30條第5項","高市勞條字第10531927000號","105/03/21"
,,"勞動基準法第32條第2項",,
,,"勞動基準法第36條",,
129,"弘達流通股份有限公司","勞動基準法第24條","高市勞條字第10531818400號","105/03/21"
,,"勞動基準法第32條第2項",,
130,"高珍企業股份有限公司","勞動基準法第30條第5項","高市勞條字第10532011700號","105/03/21"
131,"美食家食材通路股份有限公司","勞動基準法第24條","高市勞條字第10532004700號","105/03/21"
,,"勞動基準法第32條第2項",,
132,"大榮汽車有限公司","勞動基準法第21條第1項","高市勞條字第10532009300號","105/03/22"
,,"勞動基準法第24條",,
,,"勞動基準法第32條第2項",,
,,"勞動基準法第36條",,
133,"財團法人高雄市私市宏仁老人長期照顧中心(養護型)","勞動基準法第21條第1項","高市勞條字第10531695700號","105/03/22"
134,"茂新營造工程股份有限公司","勞動基準法第24條","高市勞條字第10531826000號","105/03/23"
,,"勞動基準法第36條",,
135,"毅誠物業綜合事業有限公司","勞動基準法第30條第5項","高市勞條字第10531848700號","105/03/23"
136,"林雪妹即圓點子髮型設計","勞動基準法第30條第5項","高市勞條字第10532005100號","105/03/23"
137,"張東生即力大工程行","勞動基準法第59條","高市勞條字第10532014300號","105/03/23"
138,"全家便利商店股份有限公司","勞動基準法第30條第5項","高市勞條字第10531882200號","105/03/23"
139,"華南商業銀行股份有限公司","勞動基準法第24條","高市勞條字第10532019500號","105/03/23"
140,"國登營造股份有限公司","勞動基準法第24條","高市勞條字第10532000300號","105/03/23"
,,"勞動基準法第32條",,
,,"勞動基準法第36條",,
,,"勞動基準法第39條",,
141,"亞炬企業股份有限公司","勞動基準法第32條第2項","高市勞條字第10531451500號","105/03/23"
,,"勞動基準法第36條",,
142,"元鼎國際企業股份有限公司","勞動基準法第32條第2項","高市勞條字第10531291800號","105/03/24"
143,"杰諾國際有限公司","勞動基準法第22條第2項","高市勞條字第10532014400號","105/03/24"
,,"勞動基準法第24條",,
,,"勞動基準法第36條",,
,,"勞動基準法第39條",,
144,"郁冠食品有限公司","勞動基準法第30條第5項","高市勞條字第10532068500號","105/03/25"
145,"吉旺通運有限公司","勞動基準法第32條第2項","高市勞條字第10531370100號","105/03/28"
146,"方漢武即漢王食品行","勞動基準法第32條第2項","高市勞條字第10532129000號","105/03/28"
147,,"勞動基準法第36條",,
148,"璞蓁國際有限公司","勞動基準法第23條第2項","高市勞條字第10532129200號","105/03/28"
,,"勞動基準法第30條第5項",,
149,"建暐精密科技股份有限公司","勞動基準法第24條","高市勞條字第10532154900號","105/03/28"
,,"勞動基準法第32條第2項",,
,,"勞動基準法第38條",,
,,"勞動基準法第39條",,
150,"聯安保全股份有限公司","勞動基準法第22條第2項","高市勞條字第10531848900號","105/03/28"
151,"東森電視事業股份有限公司","勞動基準法第24條","高市勞條字第10531749000號","105/03/28"
,,"勞動基準法第32條第2項",,
,,"勞動基準法第34條",,
,,"勞動基準法第49條第1項",,
152,"東森電視事業股份有限公司","勞動基準法第30條第5項","高市勞條字第1053174900A號","105/03/28"
153,"全台物流股份有限公司","勞動基準法第32條第2項","高市勞條字第10532155000號","105/03/28"
,,"勞動基準法第36條",,
154,"全勤流通管理股份有限公司","勞動基準法第32條第2項","高市勞條字第10532153000號","105/03/28"
,,"勞動基準法第36條",,
155,"簡子龍即性感露露服飾行","勞動基準法第23條第2項","高市勞條字第10532206600號","105/03/28"
,,"勞動基準法第30條第5項",,
156,"大入股份有限公司","勞動基準法第39條","高市勞條字第10531972000號","105/03/28"
157,"台灣金剛錮鎂股份有限公司","勞動基準法第38條","高市勞條字第10532064200號","105/03/29"
158,"高雄市私立安康養護之家","勞動基準法第24條","高市勞條字第10532026300號","105/03/29"
,,"勞動基準法第32條",,
,,"勞動基準法第39條",,
159,"星展(台灣)商業銀行股份有限公司","勞動基準法第24條","高市勞條字第10532206900號","105/03/29"
160,"樂事屋資訊網股份有限公司","勞動基準法第30條第5項","高市勞條字第10532288200號","105/03/30"
,,"勞動基準法第39條",,
161,"瑞金工業有限公司","勞動基準法第24條","高市勞條字第10531848400號","105/03/31"
1,"印水涵有限公司","勞動基準法第24條","高市勞條字第10533203600號","105/05/05"
,,"勞動基準法第32條第2項",,
,,"勞動基準法第36條",,
,,"勞動基準法第39條",,
2,"城裡的月光餐飲事業有限公司","勞動基準法第23條第2項","高市勞條字第10532601900號","105/04/14"
,,"勞動基準法第24條",,
,,"勞動基準法第39條",,
3,"恆春交通企業有限公司","勞動基準法第24條","高市勞條字第10533358500號","105/05/12"
,,"勞動基準法第32條第2項",,
,,"勞動基準法第38條",,
,,"勞動基準法第39條",,
4,"一亨運動用品股份有限公司","勞動基準法第24條","高市勞條字第10534017600號","105/05/18"
,,"勞動基準法第32條第2項",,
5,"聯國金屬工業股份有限公司","勞動基準法第22條第2項","高市勞條字第10533685500號","105/05/20"
,,"勞動基準法第24條",,
,,"勞動基準法第43條",,
,,"勞動基準法第70條",,
6,"果田國際股份有限公司","勞動基準法第24條","高市勞條字第10531740700號","105/04/06"
,,"勞動基準法第36條",,
,,"勞動基準法第39條",,
7,"鄧博文即富育便當店","勞動基準法第22條第2項","高市勞條字第10531520700號","105/04/07"
,,"勞動基準法第36條",,
,,"勞動基準法第39條",,
8,"謝伯樺即假期汽車旅館","勞動基準法第23條第2項","高市勞條字第10532379300號","105/04/07"
,,"勞動基準法第36條",,
,,"勞動基準法第30條第5項",,
9,"御宿旅館有限公司","勞動基準法第22條第2項","高市勞條字第10532636400號","105/04/12"
,,"勞動基準法第36條",,
,,"勞動基準法第38條",,
10,"協羽機材工業股份有限公司","勞動基準法第21條第1項","高市勞條字第10533267600號","105/04/20"
,,"勞動基準法第38條",,
11,"三雅牙體技術所","勞動基準法第24條","高市勞條字第10532310600號","105/04/21"
,,"勞動基準法第32條第2項",,
,,"勞動基準法第39條",,
12,"金豐茂企業有限公司","勞動基準法第22條第2項","高市勞條字第10533333000號","105/05/16"
,,"勞動基準法第30條第6項",,
,,"勞動基準法第38條",,
13,"臺運實業股份有限公司","勞動基準法第32條第2項","高市勞條字第10533167200號","105/05/17"
,,"勞動基準法第38條",,
,,"勞動基準法第39條",,
14,"禾頡物流有限公司","勞動基準法第24條","高市勞條字第10533945400號","105/05/19"
,,"勞動基準法第32條第2項",,
,,"勞動基準法第36條",,
15,"李奕蓁即秀格子商行","勞動基準法第21條第1項","高市勞條字第10533944400號","105/05/19"
,,"勞動基準法第24條",,
,,"勞動基準法第39條",,
16,"京緻國際企業有限公司","勞動基準法第23條第2項","高市勞條字第10533932900號","105/05/20"
,,"勞動基準法第30條第5項",,
,,"勞動基準法第38條",,
17,"劉栯任即竣玳通訊行","勞動基準法第21條第1項","高市勞條字第10534031800號","105/05/23"
,,"勞動基準法第22條第2項",,
,,"勞動基準法第30條第5項",,
18,"高雄市私立禾康養護之家","勞動基準法第24條","高市勞條字第10533167800號","105/05/25"
,,"勞動基準法第32條第2項",,
,,"勞動基準法第36條",,
19,"高雄市私立新禾康養護之家","勞動基準法第24條","高市勞條字第10533166900號","105/05/25"
,,"勞動基準法第32條第2項",,
,,"勞動基準法第36條",,
20,"億松船務股份有限公司","勞動基準法第30條第5項","高市勞條字第10533777700號","105/05/26"
,,"勞動基準法第38條",,
,,"勞動基準法第39條",,
21,"李惠宇即寶來溫泉山莊","勞動基準法第24條","高市勞條字第10534212800號","105/05/31"
,,"勞動基準法第36條",,
,,"勞動基準法第39條",,
22,"高雄銀行股份有限公司","勞動基準法第24條","高市勞條字第10534349400號","105/05/13"
23,"中法興物流股份有限公司","第32條第2項","高市勞條字第10532064500號","105/04/21"
24,"可喜有限公司","第36條","高市勞條字第10533210300號","105/05/02"
25,"其祥食品有限公司","第39條","高市勞條字第10533298200號","105/05/09"
26,"台新國際商業銀行股份有限公司","第30條第5項","高市勞條字第10533737900號","105/05/10"
1,"漢程汽車客運股份有限公司","勞動基準法第30條第5項","高市勞條字第10533333200號","105/05/11"
2,"國光汽車客運股份有限公司","勞動基準法第30條第6項","高市勞條字第10533721400號","105/05/23"
3,"屏東汽車客運股份有限公司","勞動基準法第32條第2項","高市勞條字第10534455300號","105/06/04"
1,"亞瑟環境清潔股份有限公司","勞動基準法第36條","高市勞條字第10530997700號","105/02/24"
2,"台灣中油股份有限公司","勞動基準法第55條","高市勞條字第10531279000號","105/03/02"
3,"東南汽車客運股份有限公司","勞動基準法第30條第5項","高市勞條字第1053085740A號","105/02/17"
,,"勞動基準法第22條第2項","高市勞條字第10530857400號","105/02/17"
,,"勞動基準法第32條第2項",,
,,"勞動基準法第36條",,
,,"勞動基準法第39條",,
4,"台灣端板鋼鐵企業股份有限公司","勞動基準法第24條","高市勞條字第10530587100號","105/02/17"
,,"勞動基準法第32條第2項",,
,,"勞動基準法第36條",,
,,"勞動基準法第38條",,
,,"勞動基準法第39條",,
5,"高雄市私立幸福一家老人長期照顧中心(養護型)","勞動基準法第7條","高市勞條字第10534517100號","105/06/07"
,,"勞動基準法第23條第2項",,
,,"勞動基準法第30條第6項",,
,,"勞動基準法第32條第2項",,
,,"勞動基準法第36條 ",,
6,"慶昌加油站有限公司","勞動基準法第36條","高市勞條字第10534274600號","105/06/27"
,,"勞動基準法第39條",,
7,"亞太國際物流股份有限公司","勞動基準法第34條第2項","高市勞條字第10534127200號","105/06/23"
,,"勞動基準法第39條",,
,,"勞動基準法第80條","高市勞條字第1053412720A號",
8,"永全保全股份有限公司","勞動基準法第24條","高市勞條字第10530333200號","105/01/19"
,,"勞動基準法第32條第2項",,
,,"勞動基準法第36條",,
,,"勞動基準法39條",,
9,"港都汽車客運股份有限公司","勞動基準法第24條","高市勞條字第10531160700號","105/03/14"
,,"勞動基準法第32條第2項",,
10,"慈香庭有限公司","勞動基準法第22條第2項","高市勞條字第10534528700號","105/06/06"
,,"勞動基準法第24條",,
,,"勞動基準法第32條第2項",,
,,"勞動基準法第36條 ",,
11,"張孟軒即尊品咖啡店","勞動基準法第21條第1項","高市勞條字第10533998600號","105/06/08"
,,"勞動基準法第24條",,
,,"勞動基準法第30條第6項",,
,,"勞動基準法第39條",,
12,"龍衛公寓大廈管理維護有限公司","勞動基準法第24條","高市勞條字第10534174000號","105/06/23"
13,"煒懋實業有限公司","勞動基準法第22條第2項","高市勞條字第10533531500號","105/06/04"
,,"勞動基準法(行為時)第30條第5項",,
,,"勞動基準法第39條",,
14,"裕鵬物流股份有限公司","勞動基準法第22條第2項","高市勞條字第10533804700號","105/06/06"
,,"勞動基準法第32條第2項",,
,,"勞動基準法第39條 ",,
15,"安昌企業股份有限公司","勞動基準法第24條","高市勞條字第10534212600號","105/06/06"
,,"勞動基準法第32條第2項",,
,,"勞動基準法第38條",,
16,"金勛企業有限公司","勞動基準法第22條第2項","高市勞條字第10534257600號","105/06/07"
,,"勞動基準法第24條",,
,,"勞動基準法第32條第2項",,
17,"蔡崇文即樂子企業行","勞動基準法第22條第2項","高市勞條字第10534768100號","105/06/27"
,,"勞動基準法第36條",,
,,"勞動基準法第43條",,
18,"精隆盛企業有限公司","勞動基準法第32條第2項","高市勞條字第10533530300號","105/06/13"
,,"勞動基準法第37條",,
,,"勞動基準法第39條 ",,
19,"華新物業管理顧問有限公司","勞動基準法第22條第2項","高市勞條字第10533721800號","105/06/13"
,,"勞動基準法第30條第6項",,
,,"勞動基準法第39條",,
20,"宏苑休閒事業有限公司","勞動基準法第22條第2項","高市勞條字第10534656400號","105/06/14"
,,"勞動基準法第24條",,
21,"誠毅紙器股份有限公司","勞動基準法第22條第2項","高市勞條字第10534978300號","105/06/27"
,,"勞動基準法第32條第2項 ",,
22,"大通大飯店股份有限公司","勞動基準法第21條第1項","高市勞條字第10534980000號","105/06/28"
,,"勞動基準法第24條",,
,,"勞動基準法第36條",,
23,"台灣三美股份有限公司","勞動基準法第9條第1項","高市勞條字第10535026400號","105/06/27"
,,"勞動基準法第32條第2項",,
24,"樺澺行","勞動基準法第21條第1項","高市勞條字第10439789600號","105/01/06"
,,"勞動基準法第24條",,
25,"國雲保全股份有限公司","勞動基準法第30條第5項","高市勞條字第1044028420A號","105/01/14"
26,"高雄市私立加恩幼兒園","勞動基準法第24條","高市勞條字第10531261900號","105/03/08"
,,"勞動基準法第38條",,
27,"禾盈香有限公司","勞動基準法第22條第2項","高市勞條字第10532012000號","105/03/23"
,,"勞動基準法第30條第5項",,
28,"安泰商業銀行股份有限公司","勞動基準法第24條","高市勞條字第10531510200號","105/03/28"
29,"李勇諭即遑仔茶餐廳","勞動基準法第23條第2項","高市勞條字第10532282600號","105/03/30"
,,"勞動基準法第30條第5項",,
30,"王良安即赤崁企業行","勞動基準法第21條第1項","高市勞條字第10530911800號","105/02/17"
,,"勞動基準法第24條",,
31,"奕昇貨運有限公司","勞動基準法第22條第2項","高市勞條字第10530569600號","105/01/29"
,,"勞動基準法第32條第2項",,
32,"勝威保全股份有限公司","勞動基準法第22條第2項","高市勞條字第1043929240A號","104/12/21"
,,"勞動基準法第23條第2項",,
33,"高雄市私立明園幼兒園","勞動基準法第24條","高市勞條字第10532266100號","105/04/08"
,,"勞動基準法第38條",,
34,"李東根即八九啤酒炸雞","勞動基準法第24條","高市勞條字第10531586300號","105/04/07"
,,"勞動基準法第39條",,
35,"暳昇食品行","勞動基準法第23條第2項","高市勞條字第10532712600號","105/04/13"
,,"勞動基準法第30條第5項",,
36,"弘舜貨運股份有限公司","勞動基準法第24條","高市勞條字第10532142400號","105/04/14"
,,"勞動基準法第32條第2項",,
37,"乃榮醫療社團法人乃榮醫院","勞動基準法第24條","高市勞條字第10532941700號","105/04/21"
,,"勞動基準法第37條",,
38,"鼎玫企業有限公司","勞動基準法第24條","高市勞條字第10532992700號","105/04/21"
,,"勞動基準法第32條第2項",,
39,"林素杏即鈺善閣食坊","勞動基準法第22條第2項","高市勞條字第10532601700號","105/04/18"
,,"勞動基準法第39條",,
40,"潮坊股份有限公司","勞動基準法第24條","高市勞條字第10532246300號","105/04/15"
,,"勞動基準法第32條第2項",,
41,"億豐發有限公司","勞動基準法第22條第2項","高市勞條字第10532596000號","105/04/28"
,,"勞動基準法第24條",,
42,"宇琅有限公司","勞動基準法第22條第2項","高市勞條字第10533019900號","105/04/28"
,,"勞動基準法第39條",,
43,"賢源鋼鐵股份有限公司","勞動基準法第24條","高市勞條字第10532990300號","105/05/02"
,,"勞動基準法第39條",,
44,"宸浩企業股份有限公司","勞動基準法第24條","高市勞條字第10533038600號","105/05/03"
,,"勞動基準法第36條",,
45,"泰吉興機械有限公司","勞動基準法第22條第2項","高市勞條字第10533218100號","105/05/03"
,,"勞動基準法第38條",,
46,"冬福記有限公司","勞動基準法第22條第2項","高市勞條字第10533309900號","105/05/05"
,,"勞動基準法第59條",,
47,"皆豪實業股份有限公司","勞動基準法第24條","高市勞條字第10533670200號","105/05/10"
,,"勞動基準法第32條第2項",,
48,"神通資訊科技股份有限公司","勞動基準法第30條第6項","高市勞條字第10533248800號","105/05/12"
,,"勞動基準法第32條第2項",,
49,"立重紙業有限公司","勞動基準法第21條第1項","高市勞條字第10533740800號","105/05/12"
,,"勞動基準法第24條",,
50,"資誠聯合會計師事務所","勞動基準法第30條第5項","高市勞條字第10533384700號","105/05/12"
,,"勞動基準法第39條",,
51,"程國輝","勞動基準法第30條第5項","高市勞條字第10533936400號","105/05/13"
,,"勞動基準法第59條",,
52,"互盛股份有限公司","勞動基準法第24條","高市勞條字第10533946300號","105/05/18"
,,"勞動基準法第32條第2項",,
53,"許聰明即一志廣告社","勞動基準法第23條第2項","高市勞條字第10533977400號","105/05/18"
,,"勞動基準法第30條第5項",,
54,"玖菩鐵材企業有限公司","勞動基準法第24條","高市勞條字第10532950800號","105/05/19"
,,"勞動基準法第39條",,
55,"水漾淨水科技有限公司","勞動基準法第23條第2項","高市勞條字第10532898200號","105/05/19"
,,"勞動基準法第30條第5項",,
56,"十代有限公司","勞動基準法第24條","高市勞條字第10534024100號","105/05/20"
,,"勞動基準法第38條",,
57,"翁于嫙即綠世界眼鏡企業社","勞動基準法第23條第2項","高市勞條字第10533674400號","105/05/20"
,,"勞動基準法第30條第5項",,
58,"經捷科技股份有限公司","勞動基準法第24條","高市勞條字第10533763400號","105/05/20"
,,"勞動基準法第32條第2項",,
59,"力申汽車材料有限公司","勞動基準法第30條第5項","高市勞條字第10533450300號","105/05/16"
,,"勞動基準法第39條",,
60,"立綸機械工程有限公司","勞動基準法第24條","高市勞條字第10533450200號","105/05/23"
,,"勞動基準法第39條",,
61,"梁健明即香港發財燒臘店","勞動基準法第23條第2項","高市勞條字第10534098900號","105/05/25"
,,"勞動基準法第30條第5項",,
62,"愛國百貨股份有限公司","勞動基準法第24條","高市勞條字第10534026900號","105/05/26"
,,"勞動基準法第39條",,
63,"李朝安即清心冷飲","勞動基準法第23條第2項","高市勞條字第10534152400號","105/05/30"
,,"勞動基準法第30條第5項",,
64,"林玉金即福興工程行","勞動基準法第59條第2款","高市勞條字第10534027000號","105/05/30"
,,"勞動基準法第38條","高市勞條字第1053402700A號","105/05/30"
65,"騏晟實業有限公司","勞動基準法第24條","高市勞條字第10533921300號","105/05/31"
,,"勞動基準法第32條第2項",,
66,"莊雅鳳即昌榮商行","勞動基準法第32條第2項","高市勞條字第10533334300號","105/06/01"
,,"勞動基準法第36條",,
67,"新竹物流股份有限公司","勞動基準法第32條第2項","高市勞條字第10534034200號","105/06/01"
68,"吳楊麗滿即一德食品廠","勞動基準法第24條","高市勞條字第10534374500號","105/06/03"
,,"勞動基準法第38條",,
69,"朋盟國際股份有限公司","勞動基準法第32條第2項","高市勞條字第10533438400號","105/06/04"
,,"勞動基準法第49條第1項",,
70,"大墩藥業有限公司","勞動基準法第24條","高市勞條字第10534174100號","105/06/06"
,,"勞動基準法第39條",,
71,"翠峰國宅大廈住戶管理委員會","勞動基準法第21條第1項","高市勞條字第10533955700號","105/06/06"
,,"勞動基準法第30條第5項",,
72,"朋柏螺絲股份有限公司","勞動基準法第24條","高市勞條字第10534279400號","105/06/06"
,,"勞動基準法第39條 ",,
73,"台灣善美的股份有限公司","勞動基準法第32條第2項","高市勞條字第10534458800號","105/06/06"
,,"勞動基準法第39條",,
74,"永達營造股份有限公司","勞動基準法第30條第5項","高市勞條字第10533644100號","105/06/13"
75,"順發電腦股份有限公司","勞動基準法第24條","高市勞條字第10534257700號","105/06/13"
,,"勞動基準法第39條",,
76,"林冠瑋即豐凱企業社","勞動基準法第32條","高市勞條字第10533920500號","105/06/14"
,,"勞動基準法第36條",,
77,"天悅大酒店股份有限公司","勞動基準法第24條","高市勞條字第10533762900號","105/06/15"
,,"勞動基準法第39條",,
78,"雷諾瓦國際有限公司","勞動基準法第24條","高市勞條字第10534439600號","105/06/15"
,,"勞動基準法第39條",,
79,"兆鴻藥業有限公司","勞動基準法第22條第2項","高市勞條字第10533763600號","105/06/17"
,,"勞動基準法第24條",,
80,"高陽明眼科診所","勞動基準法第24條","高市勞條字第10533911100號","105/06/20"
,,"勞動基準法第39條",,
81,"嘉績百貨企業股份有限公司","勞動基準法第36條","高市勞條字第10534274900號","105/06/23"
,,"勞動基準法第39條",,
82,"黃明珠即宏林行","勞動基準法第23條第2項","高市勞條字第10535026000號","105/06/27"
,,"勞動基準法第30條第5項",,
83,"味全食品工業股份有限公司","勞動基準法第32條第2項","高市勞條字第10534157700號","105/06/27"
84,"松浴有限公司","勞動基準法第24條","高市勞條字第10535026200號","105/06/27"
,,"勞動基準法第32條第2項",,
85,"忻協企業股份有限公司","勞動基準法第32條第2項","高市勞條字第10534845100號","105/06/27"
,,"勞動基準法第36條",,
86,"佐登妮絲國際股份有限公司","勞動基準法第22條第2項","高市勞條字第10535184300號","105/06/29"
87,"港都有線電視股份有限公司","勞動基準法第24條","高市勞條字第10535169400號","105/06/29"
,,"勞動基準法第32條第2項",,
88,"力大鋼鐵工業股份有限公司","勞動基準法第32條第2項","高市勞條字第10534801300號","105/06/30"
,,"勞動基準法第36條",,
89,"盧譽心即愛家企業社","勞動基準法第80條","高市勞條字第10532935000號","105/04/20"
90,"高雄市私立恩睿文理短期補習班","勞動基準法第80條","高市勞條字第10532768700號","105/04/21"
91,"張瀞方即宏軍工程行","勞動基準法第80條","高市勞條字第10532564400號","105/04/28"
92,"學承電腦股份有限公司","勞動基準法第80條","高市勞條字第10533664900號","105/05/10"
93,"徐東江即東耀科技企業社","勞動基準法第80條","高市勞條字第10533945500號","105/05/13"
94,"宏興昌有限公司","勞動基準法第80條","高市勞條字第10534152500號","105/06/03"
95,"長春人造樹脂廠股份有限公司","勞動基準法第24條","高市勞條字第10439926300號","104/12/23"
96,"高雄市私立加州幼兒園","勞動基準法第24條","高市勞條字第10439328600號","104/12/25"
97,"許嘉軒即乙駿五金機械行","勞動基準法第22條第2項","高市勞條字第10439625200號","105/01/07"
98,"金豐企業管理顧問股份有限公司","勞動基準法第32條第2項","高市勞條字第1043962570A號","105/01/15"
99,"百朝股份有限公司","勞動基準法第32條第2項","高市勞條字第10531140700號","105/02/22"
100,"吳釜陞即御之香飯包","勞動基準法第30條第5項","高市勞條字第10531705300號","105/03/10"
101,"佳縉企業有限公司","勞動基準法第30條第5項","高市勞條字第10531880900號","105/03/28"
102,"富傑特有限公司","勞動基準法第30條第5項","高市勞條字第10531888200號","105/03/22"
103,"酒田則彥即海洋秀麗美容社","勞動基準法第24條","高市勞條字第10531039700號","105/02/15"
104,"富佶企業有限公司","勞動基準法第38條","高市勞條字第10531224900號","105/03/18"
105,"元博貿易有限公司","勞動基準法第30條第5項","高市勞條字第10531451100號","105/03/09"
106,"旭奇實業股份有限公司","勞動基準法第22條第2項","高市勞條字第10530017700號","105/01/25"
107,"蔡麗娟即華夏冰心茶王冷飲店","勞動基準法第21條第1項","高市勞條字第10440404900號","105/01/05"
108,"國基冷凍工程股份有限公司","勞動基準法第32條第2項","高市勞條字第10439925700號","105/01/13"
109,"鸝鳥企業股份有限公司","勞動基準法第39條","高市勞條字第10439873100號","105/01/12"
110,"高雄市私立吉米亨利幼兒園","勞動基準法第22條第2項","高市勞條字第10439934400號","105/01/13"
111,"陽光診所","勞動基準法第30條第5項","高市勞條字第10530393500號","105/01/20"
112,"勝捷餐飲股份有限公司","勞動基準法第24條","高市勞條字第10532202800號","105/04/01"
113,"高雄市私立仁祥養護之家","勞動基準法第24條","高市勞條字第10532246600號","105/04/07"
114,"大孟實業有限公司","勞動基準法第36條","高市勞條字第10532266000號","105/04/07"
115,"趙傳亨即阿六能源行","勞動基準法第30條第5項","高市勞條字第10532310500號","105/04/11"
116,"穩利港式點心","勞動基準法第39條","高市勞條字第10531972600號","105/04/11"
117,"建鋁企業有限公司","勞動基準法第32條第2項","高市勞條字第10531971600號","105/04/12"
118,"漢衛保全股份有限公司","勞動基準法第39條","高市勞條字第10532633500號","105/04/12"
119,"十方法界實業股份有限公司","勞動基準法第36條","高市勞條字第10532037200號","105/04/12"
120,"皇典機械工程行","勞動基準法第36條","高市勞條字第10532637300號","105/04/13"
121,"洪嘉榮即瑞飛商行","勞動基準法第30條第5項","高市勞條字第10532360000號","105/04/13"
122,"集信企業股份有限公司","勞動基準法第22條第2項","高市勞條字第10532527200號","105/04/14"
123,"長川化工股份有限公司","勞動基準法第24條","高市勞條字第10532008000號","105/04/14"
124,"高雄市私立怡泉老人長期照顧中心","勞動基準法第30條第5項","高市勞條字第10532267400號","105/04/15"
125,"高雄市私立吉仁養護中心","勞動基準法第30條第5項","高市勞條字第10532359000號","105/04/15"
126,"財團法人高雄市私立紅十字會育幼中心","勞動基準法第32條第2項","高市勞條字第10532203000號","105/04/18"
127,"黃凱祥即放起士企業社","勞動基準法第30條第5項","高市勞條字第10532929700號","105/04/19"
128,"順懋興企業有限公司","勞動基準法第24條","高市勞條字第10532947300號","105/04/20"
129,"曾加舜中醫診所","勞動基準法第30條第5項","高市勞條字第10532913500號","105/04/20"
130,"合順發有限公司","勞動基準法第39條","高市勞條字第10532939300號","105/04/21"
131,"八藝傳播有限公司","勞動基準法第22條第2項","高市勞條字第10532528600號","105/04/20"
132,"寰宇新世紀股份有限公司","勞動基準法第38條","高市勞條字第10532119100號","105/04/20"
133,"鉅祥倉儲有限公司","勞動基準法第21條第1項","高市勞條字第10532801900號","105/04/21"
134,"黛安娜國際企業有限公司","勞動基準法第30條第5項","高市勞條字第10532899000號","105/04/21"
135,"好地方飯店股份有限公司","勞動基準法第39條","高市勞條字第10532828300號","105/04/21"
136,"吉財通運股份有限公司","勞動基準法第30條第5項","高市勞條字第10532092100號","105/04/22"
137,"億信汽車材料行","勞動基準法第30條第5項","高市勞條字第10533010300號","105/04/22"
138,"徐楷芸即信東企業行","勞動基準法第22條第2項","高市勞條字第10533005600號","105/04/25"
139,"高雄市私立華榮養護中心","勞動基準法第30條第5項","高市勞條字第10533011200號","105/04/25"
140,"高維坤即抬彎台灣腳養生館","勞動基準法第23條第2項","高市勞條字第10532171200號","105/04/25"
141,"金大漢科技股份有限公司","勞動基準法第43條","高市勞條字第10532898100號","105/04/26"
142,"得亨有限公司","勞動基準法第39條","高市勞條字第10532950700號","105/04/26"
143,"高雄市明山慈安居老人養護中心","勞動基準法第30條第5項","高市勞條字第10532950900號","105/04/27"
144,"蔡金山即元興土木包工業","勞動基準法第30條第5項","高市勞條字第10533020000號","105/04/28"
145,"仕橋企管顧問有限公司","勞動基準法第32條第2項","高市勞條字第10532447800號","105/04/29"
146,"帕莎蒂娜國際有限公司","勞動基準法第24條","高市勞條字第10532443600號","105/04/29"
147,"高雄市私立文宗老人長期照顧中心(養護型)","勞動基準法第24條","高市勞條字第10533031600號","105/05/02"
148,"中友船舶貨物裝卸承攬股份有限公司","勞動基準法第34條","高市勞條字第10533167900號","105/05/02"
149,"元鴻室內裝修工程有限公司","勞動基準法第30條第5項","高市勞條字第10532358800號","105/05/02"
150,"高雄市私立湖內老人養護之家","勞動基準法第30條第5項","高市勞條字第10532951000號","105/05/02"
151,"張中栗即順福昌行","勞動基準法第30條第5項","高市勞條字第10533292600號","105/05/03"
152,"尚潔環境工程股份有限公司","勞動基準法第70條","高市勞條字第10533166500號","105/05/03"
153,"柯雅玲即福德馬克冰茶","勞動基準法第36條","高市勞條字第10533127700號","105/05/04"
154,"高雄市私立快樂家園老人長期照顧中心(養護型)","勞動基準法第30條第5項","高市勞條字第10533249700號","105/05/05"
155,"高雄市私立寶貝屋托嬰中心","勞動基準法第24條","高市勞條字第10533250100號","105/05/06"
156,"仕懋企業有限公司","勞動基準法第39條","高市勞條字第10533163200號","105/05/09"
157,"尚峯模具有限公司","勞動基準法第37條","高市勞條字第10533516500號","105/05/09"
158,"水發工程有限公司","勞動基準法第30條第5項","高市勞條字第10533333600號","105/05/09"
159,"劉仲熹","勞動基準法第21條第1項","高市勞條字第10533667100號","105/05/10"
160,"九九婚紗攝影有限公司","勞動基準法第22條第2項","高市勞條字第10532670000號","105/05/10"
161,"佔鰲貿易股份有限公司","勞動基準法第30條第5項","高市勞條字第10533735700號","105/05/10"
162,"華盛頓企業有限公司","勞動基準法第24條","高市勞條字第10533369300號","105/05/10"
163,"盧亞鵑即駿威企業社","勞動基準法第23條第2項","高市勞條字第10533738300號","105/05/11"
164,"柏愛診所","勞動基準法第30條第5項","高市勞條字第10532733000號","105/05/11"
165,"李鉅章即力宸食品行","勞動基準法第36條","高市勞條字第10533677400號","105/05/12"
166,"資眾實業有限公司","勞動基準法第30條第5項","高市勞條字第10533943400號","105/05/13"
167,"永盛綜合企業有限公司","勞動基準法第24條","高市勞條字第10533947700號","105/05/13"
168,"勝鎧工業股份有限公司","勞動基準法第21條第1項","高市勞條字第10532828400號","105/05/13"
169,"俊助壽司食堂","勞動基準法第24條","高市勞條字第10533943700號","105/05/16"
170,"梁郁晴即澄清小吃店","勞動基準法第30條第5項","高市勞條字第10533943900號","105/05/16"
171,"邱瓊慧即里芝達企業社","勞動基準法第30條第5項","高市勞條字第10533986500號","105/05/18"
172,"曹正賢即冠瑜小吃部","勞動基準法第23條第2項","高市勞條字第10534018600號","105/05/18"
173,"勝南中醫診所","勞動基準法第39條","高市勞條字第10533166600號","105/05/20"
174,"墾通企業有限公司","勞動基準法第24條","高市勞條字第10533531400號","105/05/20"
175,"男益企業有限公司","勞動基準法第24條","高市勞條字第10532987600號","105/05/20"
176,"高雄市私立喜得托嬰中心","勞動基準法第30條第6項","高市勞條字第10533533300號","105/05/20"
177,"冠牌鋼鋁有限公司","勞動基準法第39條","高市勞條字第10533332700號","105/05/23"
178,"藍勢真即維恩牙醫診所","勞動基準法第24條","高市勞條字第10534026800號","105/05/23"
179,"強頓實業有限公司","勞動基準法第24條","高市勞條字第10533032200號","105/05/23"
180,"楊耳鼻喉科診所","勞動基準法第36條","高市勞條字第10533203900號","105/05/25"
181,"源裕豐股份有限公司","勞動基準法第39條","高市勞條字第10533167700號","105/05/25"
182,"尚侑紙業有限公司","勞動基準法第24條","高市勞條字第10533279300號","105/05/26"
183,"馬玉山食品工業股份有限公司","勞動基準法第24條","高市勞條字第10533249300號","105/05/27"
184,"東森電視事業股份有限公司","勞動基準法第39條","高市勞條字第10533643400號","105/05/27"
185,"家福股份有限公司","勞動基準法第32條第2項","高市勞條字第10534152600號","105/05/30"
186,"澎湖航業股份有限公司","勞動基準法第30條第5項","高市勞條字第10534152300號","105/05/30"
187,"茗豐企業有限公司","勞動基準法第32條第2項","高市勞條字第10533369100號","105/05/31"
188,"王婷即聖翔食品海產加工廠","勞動基準法第30條第5項","高市勞條字第10533920300號","105/05/31"
189,"高雄市私立育生幼兒園","勞動基準法第30條第5項","高市勞條字第10531511100號","105/03/16"
190,"黃耀霆即五洲國際專利商標事務所","勞動基準法第22條第2項","高市勞條字第10530710100號","105/02/24"
191,"楊憲慶即廣騰商行","勞動基準法第39條","高市勞條字第10531745300號","105/04/06"
192,"中華日光交通股份有限公司","勞動基準法第30條第5項","高市勞條字第10533213600號","105/05/02"
193,"赫里翁餐飲有限公司","勞動基準法第36條","高市勞條字第10533777600號","105/06/01"
194,"高雄市私立博愛老人養護中心","勞動基準法第21條第1項","高市勞條字第10533868000號","105/06/02"
195,"建來企業股份有限公司","勞動基準法第32條第2項","高市勞條字第10534244600號","105/06/01"
196,"宗正理貨股份有限公司","勞動基準法第32條第2項","高市勞條字第10534509400號","105/06/02"
197,"葉淑英即火鍋頭小吃部","勞動基準法第21條第1項","高市勞條字第10534127900號","105/06/02"
198,"張翠平即西安麵食小吃店","勞動基準法第30條第5項","高市勞條字第10534370800號","105/06/03"
199,"上欣營造興業股份有限公司","勞動基準法第24條","高市勞條字第10534127600號","105/06/04"
200,"台灣產經股份有限公司","勞動基準法第32條第2項","高市勞條字第10533920400號","105/06/04"
201,"王佳容即高雄市私立資和幼兒園","勞動基準法第30條第6項","高市勞條字第10534157600號","105/06/04"
202,"鉦昌通訊科技有限公司","勞動基準法第30條第5項","高市勞條字第10534378300號","105/06/04"
203,"華品運輸股份有限公司","勞動基準法第32條第2項","高市勞條字第10533756300號","105/06/07"
204,"吳懋宏即臻紅企業社","勞動基準法第30條第5項","高市勞條字第10534517200號","105/06/04"
205,"威廉泰爾餐飲有限公司","勞動基準法第24條","高市勞條字第10534385800號","105/06/04"
206,"柯詠晨即寰銘企業社","勞動基準法第21條第1項","高市勞條字第10533933400號","105/06/06"
207,"恒揚國際電子股份有限公司","勞動基準法第32條第2項","高市勞條字第10534459000號","105/06/06"
208,"安泰證券股份有限公司","勞動基準法第21條第1項","高市勞條字第10534444800號","105/06/06"
209,"洪永峻即金龍冷飲店","勞動基準法第36條","高市勞條字第10534583400號","105/06/06"
210,"閎隆工程有限公司","勞動基準法第30條第5項","高市勞條字第10534592600號","105/06/07"
211,"許立家即梓揚商行","勞動基準法第22條第2項","高市勞條字第10534132500號","105/06/07"
212,"婚活國際資訊網有限公司","勞動基準法第39條","高市勞條字第10534272800號","105/06/08"
213,"高雄尊龍大飯店股份有限公司","勞動基準法第39條","高市勞條字第10534005400號","105/06/13"
214,"裕山環境工程有限公司","勞動基準法第30條第6項","高市勞條字第10533643600號","105/06/14"
215,"急地企業有限公司","勞動基準法第24條","高市勞條字第10534657500號","105/06/14"
216,"橘樂安廚有限公司","勞動基準法第22條第2項","高市勞條字第10534452400號","105/06/14"
217,"黃敬三即翠湖","勞動基準法第30條第5項","高市勞條字第10534661000號","105/06/15"
218,"張王素琴即廣林青草行","勞動基準法第30條第5項","高市勞條字第10534688300號","105/06/16"
219,"科隆國際生物科技股份有限公司","勞動基準法第70條","高市勞條字第10534761600號","105/06/17"
220,"晶華興業有限公司","勞動基準法第22條第2項","高市勞條字第10534739700號","105/06/17"
221,"瑞屏企業股份有限公司","勞動基準法第39條","高市勞條字第10534639600號","105/06/17"
222,"高雄市私立新松柏養護之家","勞動基準法第39條","高市勞條字第10534568000號","105/06/17"
223,"余國菁即珏勝企業社","勞動基準法第24條","高市勞條字第10534760800號","105/06/20"
224,"李桐琪即四季毛巾洗滌","勞動基準法第30條第5項","高市勞條字第10534687700號","105/06/21"
225,"統春實業股份有限公司","勞動基準法第32條第2項","高市勞條字第10534132000號","105/06/23"
226,"東洋建蒼電機股份有限公司","勞動基準法第32條第2項","高市勞條字第10534802200號","105/06/23"
227,"中網雲端資訊有限公司","勞動基準法第22條第2項","高市勞條字第10535019900號","105/06/23"
228,"大東通運有限公司","勞動基準法第22條第2項","高市勞條字第10534173900號","105/06/24"
229,"鼎昕實業有限公司","勞動基準法第30條第6項","高市勞條字第10534446100號","105/06/24"
230,"三多四季商旅股份有限公司","勞動基準法第39條","高市勞條字第10534909900號","105/06/27"
231,"漢程汽車客運股份有限公司","勞動基準法第39條","高市勞條字第10534842300號","105/06/27"
232,"得海有限公司","勞動基準法第21條第1項","高市勞條字第10535111800號","105/06/27"
233,"晉億冷凍機械有限公司","勞動基準法第32條第2項","高市勞條字第10534257300號","105/06/27"
234,"昌利汽車有限公司","勞動基準法第30條第5項","高市勞條字第10535185100號","105/06/27"
235,"高雄市私立康齡老人養護中心","勞動基準法第36條 ","高市勞條字第10534416800號","105/06/27"
236,"波特嫚國際生物科技股份有限公司","勞動基準法第22條第2項","高市勞條字第10534930600號","105/06/28"
237,"朱美琪即阿嬤碗粿店","勞動基準法第30條第5項","高市勞條字第10535202200號","105/06/29"
238,"胡偉即韓昇小吃店","勞動基準法第30條第6項","高市勞條字第10535068500號","105/06/30"
239,"寶大水電工程有限公司","勞動基準法第30條第6項","高市勞條字第10534349500號","105/06/30"
240,"寒軒國際大飯店股份有限公司","勞動基準法第36條","高市勞條字第1053440140A號","105/06/30"
241,"天一工程顧問有限公司","勞動基準法第22條第2項","高市勞條字第10534929800號","105/06/30"
1,"三芳化學工業股份有限公司","勞動基準法第32條第2項","高市勞條字第10533531700號","105/05/18"
2,"郭爐山企業股份有限公司","勞動基準法第24條","高市勞條字第10533100900號","105/05/23"
,,"勞動基準法第36條",,
,,"勞動基準法第39條",,
,,"勞動基準法第70條",,
3,"越峰工程有限公司","勞動基準法第32條第2項","高市勞條字第10534450100號","105/06/03"
,,"勞動基準法第36條",,
4,"慶聯有線電視股份有限公司","勞動基準法第32條第2項","高市勞條字第10534648900號","105/06/13"
5,"冠中公寓大廈管理維護有限公司","勞動基準法第24條","高市勞條字第10532952300號","105/05/18"
,,"勞動基準法第32條第2項",,
6,"穩得工業股份有限公司","勞動基準法第32條第2項","高市勞條字第10533249000號","105/05/06"
7,"永通股份有限公司","勞動基準法第39條","高市勞條字第10532951600號","105/04/26"
8,"金泳企業有限公司","勞動基準法第80條","高市勞條字第10533222400號","105/04/29"
9,"楊光榮即東京髮型沙龍","勞動基準法第30條第5項","高市勞條字第10532939500號","105/04/21"
10,"大隆保利龍股份有限公司","勞動基準法第21條第1項","高市勞條字第10533167100號","105/05/05"
11,"啟盛交通股份有限公司","勞動基準法第24條","高市勞條字第10534453500號","105/06/04"
12,"介慶企業股份有限公司","勞動基準法第24條","高市勞條字第10532802100號","105/04/22"
1,"華新保全股份有限公司","勞動基準法第24條","高市勞條字第10534700400號","105/06/23"
2,"先鋒保全股份有限公司","勞動基準法第30條第6項","高市勞條字第10534721100號","105/7/13"
,,"勞動基準法第39條",,
